id,name,country_id,country_code,country_name,state_code,type,latitude,longitude
3907,Australian Capital Territory,14,AU,Australia,ACT,territory,-35.4734679,149.0123679
3909,New South Wales,14,AU,Australia,NSW,state,-31.2532183,146.921099
3910,Northern Territory,14,AU,Australia,NT,territory,-19.4914108,132.5509603
3905,Queensland,14,AU,Australia,QLD,state,-20.9175738,142.7027956
3904,South Australia,14,AU,Australia,SA,state,-30.0002315,136.2091547
3908,Tasmania,14,AU,Australia,TAS,state,-41.4545196,145.9706647
3903,Victoria,14,AU,Australia,VIC,state,-36.4856423,140.9779425
3906,Western Australia,14,AU,Australia,WA,state,-27.6728168,121.6283098
1992,Capital,18,BH,Bahrain,13,governorate,,
1996,Central,18,BH,Bahrain,16,governorate,26.1426093,50.5653294
1995,Muharraq,18,BH,Bahrain,15,governorate,26.2685653,50.6482517
1994,Northern,18,BH,Bahrain,17,governorate,26.1551914,50.4825173
1993,Southern,18,BH,Bahrain,14,governorate,25.9381018,50.5756887
2012,Acre,31,BR,Brazil,AC,state,-9.023796,-70.811995
2007,Alagoas,31,BR,Brazil,AL,state,-9.5713058,-36.7819505
1999,Amapá,31,BR,Brazil,AP,state,0.9019925,-52.0029565
2004,Amazonas,31,BR,Brazil,AM,state,-3.07,-61.66
2002,Bahia,31,BR,Brazil,BA,state,-11.409874,-41.280857
2016,Ceará,31,BR,Brazil,CE,state,-5.4983977,-39.3206241
2017,Distrito Federal,31,BR,Brazil,DF,federal district,-15.7997654,-47.8644715
2018,Espírito Santo,31,BR,Brazil,ES,state,-19.1834229,-40.3088626
2000,Goiás,31,BR,Brazil,GO,state,-15.8270369,-49.8362237
2015,Maranhão,31,BR,Brazil,MA,state,-4.9609498,-45.2744159
2011,Mato Grosso,31,BR,Brazil,MT,state,-12.6818712,-56.921099
2010,Mato Grosso do Sul,31,BR,Brazil,MS,state,-20.7722295,-54.7851531
1998,Minas Gerais,31,BR,Brazil,MG,state,-18.512178,-44.5550308
2009,Pará,31,BR,Brazil,PA,state,-1.9981271,-54.9306152
2005,Paraíba,31,BR,Brazil,PB,state,-7.2399609,-36.7819505
2022,Paraná,31,BR,Brazil,PR,state,-25.2520888,-52.0215415
2006,Pernambuco,31,BR,Brazil,PE,state,-8.8137173,-36.954107
2008,Piauí,31,BR,Brazil,PI,state,-7.7183401,-42.7289236
1997,Rio de Janeiro,31,BR,Brazil,RJ,state,-22.9068467,-43.1728965
2019,Rio Grande do Norte,31,BR,Brazil,RN,state,-5.4025803,-36.954107
2001,Rio Grande do Sul,31,BR,Brazil,RS,state,-30.0346316,-51.2176986
2013,Rondônia,31,BR,Brazil,RO,state,-11.5057341,-63.580611
4858,Roraima,31,BR,Brazil,RR,state,2.7375971,-62.0750998
2014,Santa Catarina,31,BR,Brazil,SC,state,-27.33,-49.44
2021,São Paulo,31,BR,Brazil,SP,state,-23.5505199,-46.6333094
2003,Sergipe,31,BR,Brazil,SE,state,-10.5740934,-37.3856581
2020,Tocantins,31,BR,Brazil,TO,state,-10.17528,-48.2982474
1215,Alajuela,53,CR,Costa Rica,A,province,10.391583,-84.4382721
1211,Cartago,53,CR,Costa Rica,C,province,9.8622311,-83.9214187
1209,Guanacaste,53,CR,Costa Rica,G,province,10.6267399,-85.4436706
1212,Heredia,53,CR,Costa Rica,H,province,10.473523,-84.0167423
1213,Limón,53,CR,Costa Rica,L,province,9.9896398,-83.0332417
1210,Puntarenas,53,CR,Costa Rica,P,province,9.2169531,-83.336188
1214,San José,53,CR,Costa Rica,SJ,province,9.9129727,-84.0768294
3006,Baden-Württemberg,82,DE,Germany,BW,land,48.6616037,9.3501336
3009,Bavaria,82,DE,Germany,BY,land,48.7904472,11.4978895
3010,Berlin,82,DE,Germany,BE,land,52.5200066,13.404954
3013,Brandenburg,82,DE,Germany,BB,land,52.4125287,12.5316444
3014,Bremen,82,DE,Germany,HB,land,53.0792962,8.8016936
3016,Hamburg,82,DE,Germany,HH,land,53.5510846,9.9936819
3018,Hessen,82,DE,Germany,HE,land,50.6520515,9.1624376
3008,Lower Saxony,82,DE,Germany,NI,land,52.6367036,9.8450766
3007,Mecklenburg-Vorpommern,82,DE,Germany,MV,land,53.6126505,12.4295953
3017,North Rhine-Westphalia,82,DE,Germany,NW,land,51.4332367,7.6615938
3019,Rhineland-Palatinate,82,DE,Germany,RP,land,50.118346,7.3089527
3020,Saarland,82,DE,Germany,SL,land,49.3964234,7.0229607
3021,Saxony,82,DE,Germany,SN,land,51.1045407,13.2017384
3011,Saxony-Anhalt,82,DE,Germany,ST,land,51.9502649,11.6922734
3005,Schleswig-Holstein,82,DE,Germany,SH,land,54.2193672,9.6961167
3015,Thuringia,82,DE,Germany,TH,land,51.0109892,10.845346
2116,Achaea,85,GR,Greece,13,regional unit,38.1158729,21.9522491
2123,Aetolia-Acarnania,85,GR,Greece,1,regional unit,38.7084386,21.3798928
2098,Arcadia,85,GR,Greece,12,prefecture,37.5557825,22.3337769
2105,Argolis,85,GR,Greece,11,regional unit,,
2122,Attica,85,GR,Greece,I,administrative region,38.0457568,23.8584737
2126,Boeotia,85,GR,Greece,3,regional unit,38.3663664,23.0965064
2128,Central Greece,85,GR,Greece,H,administrative region,38.6043984,22.7152131
2125,Central Macedonia,85,GR,Greece,B,administrative region,40.621173,23.1918021
2115,Chania,85,GR,Greece,94,regional unit,35.5138298,24.0180367
2124,Corfu,85,GR,Greece,22,prefecture,39.6249838,19.9223461
2129,Corinthia,85,GR,Greece,15,regional unit,,
2109,Crete,85,GR,Greece,M,administrative region,35.240117,24.8092691
2130,Drama,85,GR,Greece,52,regional unit,41.2340023,24.2390498
2120,East Attica,85,GR,Greece,A2,administrative region,38.2054093,23.8584737
2117,East Macedonia and Thrace,85,GR,Greece,A,administrative region,41.1295126,24.8877191
2110,Epirus,85,GR,Greece,D,administrative region,39.5706413,20.7642843
2101,Euboea,85,GR,Greece,4,prefecture,38.5236036,23.8584737
2102,Grevena,85,GR,Greece,51,prefecture,40.0837626,21.4273299
2099,Imathia ,85,GR,Greece,53,regional unit,40.6060067,22.1430215
2113,Ioannina,85,GR,Greece,33,regional unit,39.6650288,20.8537466
2131,Ionian Islands,85,GR,Greece,F,administrative region,37.9694898,21.3802372
2095,Karditsa,85,GR,Greece,41,regional unit,39.3640258,21.9214049
2100,Kastoria,85,GR,Greece,56,regional unit,40.5192691,21.2687171
2127,Kefalonia,85,GR,Greece,23,prefecture,38.1753675,20.5692179
2111,Kilkis,85,GR,Greece,57,regional unit,40.9937071,22.8753674
2112,Kozani,85,GR,Greece,58,prefecture,40.3005586,21.7887737
2106,Laconia,85,GR,Greece,16,prefecture,43.5278546,-71.4703509
2132,Larissa,85,GR,Greece,42,prefecture,39.6390224,22.4191254
2104,Lefkada,85,GR,Greece,24,regional unit,38.8333663,20.7069108
2107,Pella,85,GR,Greece,59,regional unit,40.9148039,22.1430215
2119,Peloponnese,85,GR,Greece,J,administrative region,37.5079472,22.37349
2114,Phthiotis,85,GR,Greece,6,prefecture,38.999785,22.3337769
2103,Preveza,85,GR,Greece,34,prefecture,38.9592649,20.7517155
2121,Serres,85,GR,Greece,62,prefecture,41.0863854,23.5483819
2118,South Aegean,85,GR,Greece,L,administrative region,37.0855302,25.1489215
2097,Thessaloniki,85,GR,Greece,54,regional unit,40.6400629,22.9444191
2096,West Greece,85,GR,Greece,G,administrative region,38.5115496,21.5706786
2108,West Macedonia,85,GR,Greece,C,administrative region,40.3004058,21.7903559
4023,Andaman and Nicobar Islands,101,IN,India,AN,union territory,11.7400867,92.6586401
4017,Andhra Pradesh,101,IN,India,AP,state,15.9128998,79.7399875
4024,Arunachal Pradesh,101,IN,India,AR,state,28.2179994,94.7277528
4027,Assam,101,IN,India,AS,state,26.2006043,92.9375739
4037,Bihar,101,IN,India,BR,state,25.0960742,85.3131194
4031,Chandigarh,101,IN,India,CH,union territory,30.7333148,76.7794179
4040,Chhattisgarh,101,IN,India,CT,state,21.2786567,81.8661442
4033,Dadra and Nagar Haveli and Daman and Diu,101,IN,India,DH,union territory,20.3973736,72.8327991
4021,Delhi,101,IN,India,DL,union territory,28.7040592,77.1024902
4009,Goa,101,IN,India,GA,state,15.2993265,74.123996
4030,Gujarat,101,IN,India,GJ,state,22.258652,71.1923805
4007,Haryana,101,IN,India,HR,state,29.0587757,76.085601
4020,Himachal Pradesh,101,IN,India,HP,state,31.1048294,77.1733901
4029,Jammu and Kashmir,101,IN,India,JK,union territory,33.277839,75.3412179
4025,Jharkhand,101,IN,India,JH,state,23.6101808,85.2799354
4026,Karnataka,101,IN,India,KA,state,15.3172775,75.7138884
4028,Kerala,101,IN,India,KL,state,10.8505159,76.2710833
4852,Ladakh,101,IN,India,LA,union territory,34.2268475,77.5619419
4019,Lakshadweep,101,IN,India,LD,union territory,10.3280265,72.7846336
4039,Madhya Pradesh,101,IN,India,MP,state,22.9734229,78.6568942
4008,Maharashtra,101,IN,India,MH,state,19.7514798,75.7138884
4010,Manipur,101,IN,India,MN,state,24.6637173,93.9062688
4006,Meghalaya,101,IN,India,ML,state,25.4670308,91.366216
4036,Mizoram,101,IN,India,MZ,state,23.164543,92.9375739
4018,Nagaland,101,IN,India,NL,state,26.1584354,94.5624426
4013,Odisha,101,IN,India,OR,state,20.9516658,85.0985236
4011,Puducherry,101,IN,India,PY,union territory,11.9415915,79.8083133
4015,Punjab,101,IN,India,PB,state,31.1471305,75.3412179
4014,Rajasthan,101,IN,India,RJ,state,27.0238036,74.2179326
4034,Sikkim,101,IN,India,SK,state,27.5329718,88.5122178
4035,Tamil Nadu,101,IN,India,TN,state,11.1271225,78.6568942
4012,Telangana,101,IN,India,TG,state,18.1124372,79.0192997
4038,Tripura,101,IN,India,TR,state,23.9408482,91.9881527
4022,Uttar Pradesh,101,IN,India,UP,state,26.8467088,80.9461592
4016,Uttarakhand,101,IN,India,UK,state,30.066753,79.0192997
4853,West Bengal,101,IN,India,WB,state,22.9867569,87.8549755
1822,Aceh,102,ID,Indonesia,AC,province,4.695135,96.7493993
1826,Bali,102,ID,Indonesia,BA,province,-8.3405389,115.0919509
1810,Banten,102,ID,Indonesia,BT,province,-6.4058172,106.0640179
1793,Bengkulu,102,ID,Indonesia,BE,province,-3.7928451,102.2607641
1829,DI Yogyakarta,102,ID,Indonesia,YO,Special region,-7.8753849,110.4262088
1805,DKI Jakarta,102,ID,Indonesia,JK,capital district,-6.2087634,106.845599
1812,Gorontalo,102,ID,Indonesia,GO,province,0.5435442,123.0567693
1815,Jambi,102,ID,Indonesia,JA,province,-1.6101229,103.6131203
1825,Jawa Barat,102,ID,Indonesia,JB,province,-7.090911,107.668887
1802,Jawa Tengah,102,ID,Indonesia,JT,province,-7.150975,110.1402594
1827,Jawa Timur,102,ID,Indonesia,JI,province,-7.5360639,112.2384017
1806,Kalimantan Barat,102,ID,Indonesia,KB,province,0.4773475,106.6131405
1819,Kalimantan Selatan,102,ID,Indonesia,KS,province,-3.0926415,115.2837585
1794,Kalimantan Tengah,102,ID,Indonesia,KT,province,-1.6814878,113.3823545
1804,Kalimantan Timur,102,ID,Indonesia,KI,province,0.5386586,116.419389
1824,Kalimantan Utara,102,ID,Indonesia,KU,province,3.0730929,116.0413889
1820,Kepulauan Bangka Belitung,102,ID,Indonesia,BB,province,-2.7410513,106.4405872
1807,Kepulauan Riau,102,ID,Indonesia,KR,province,3.9456514,108.1428669
1811,Lampung,102,ID,Indonesia,LA,province,-4.5585849,105.4068079
1800,Maluku,102,ID,Indonesia,MA,province,-3.2384616,130.1452734
1801,Maluku Utara,102,ID,Indonesia,MU,province,1.5709993,127.8087693
1814,Nusa Tenggara Barat,102,ID,Indonesia,NB,province,-8.6529334,117.3616476
1818,Nusa Tenggara Timur,102,ID,Indonesia,NT,province,-8.6573819,121.0793705
1798,Papua,102,ID,Indonesia,PA,province,-5.0122202,141.3470159
1799,Papua Barat,102,ID,Indonesia,PB,province,-1.3361154,133.1747162
5238,Papua Barat Daya,102,ID,Indonesia,PD,province,-0.9,131.4
5236,Papua Pegunungan,102,ID,Indonesia,PE,province,-4,139.5
5237,Papua Selatan,102,ID,Indonesia,PS,province,-6.5,139.5
5235,Papua Tengah,102,ID,Indonesia,PT,province,-4,136
1809,Riau,102,ID,Indonesia,RI,province,0.2933469,101.7068294
1817,Sulawesi Barat,102,ID,Indonesia,SR,province,-2.8441371,119.2320784
1795,Sulawesi Selatan,102,ID,Indonesia,SN,province,-3.6687994,119.9740534
1813,Sulawesi Tengah,102,ID,Indonesia,ST,province,-1.4300254,121.4456179
1796,Sulawesi Tenggara,102,ID,Indonesia,SG,province,-4.14491,122.174605
1808,Sulawesi Utara,102,ID,Indonesia,SA,province,0.6246932,123.9750018
1828,Sumatera Barat,102,ID,Indonesia,SB,province,-0.7399397,100.8000051
1816,Sumatera Selatan,102,ID,Indonesia,SS,province,-3.3194374,103.914399
1792,Sumatera Utara,102,ID,Indonesia,SU,province,2.1153547,99.5450974
1679,Abruzzo,107,IT,Italy,65,region,42.1920119,13.7289167
1727,Agrigento,107,IT,Italy,AG,free municipal consortium,37.3105202,13.5857978
1783,Alessandria,107,IT,Italy,AL,province,44.8175587,8.7046627
1672,Ancona,107,IT,Italy,AN,province,43.5493245,13.2663479
1716,Aosta Valley,107,IT,Italy,23,autonomous region,45.7388878,7.4261866
1688,Apulia,107,IT,Italy,75,region,40.7928393,17.1011931
1681,Ascoli Piceno,107,IT,Italy,AP,province,42.8638933,13.5899733
1780,Asti,107,IT,Italy,AT,province,44.9007652,8.2064315
1692,Avellino,107,IT,Italy,AV,province,40.996451,15.1258955
1686,Barletta-Andria-Trani,107,IT,Italy,BT,province,41.2004543,16.2051484
1706,Basilicata,107,IT,Italy,77,region,40.6430766,15.9699878
1689,Belluno,107,IT,Italy,BL,province,46.2497659,12.1969565
1701,Benevento,107,IT,Italy,BN,province,41.2035093,14.7520939
1704,Bergamo,107,IT,Italy,BG,province,45.6982642,9.6772698
1778,Biella,107,IT,Italy,BI,province,45.5628176,8.0582717
1717,Brescia,107,IT,Italy,BS,province,45.5415526,10.2118019
1714,Brindisi,107,IT,Italy,BR,province,40.6112663,17.763621
1703,Calabria,107,IT,Italy,78,region,39.3087714,16.3463791
1718,Caltanissetta,107,IT,Italy,CL,free municipal consortium,37.486013,14.0614982
1669,Campania,107,IT,Italy,72,region,40.6670887,15.1068113
1721,Campobasso,107,IT,Italy,CB,province,41.6738865,14.7520939
1731,Caserta,107,IT,Italy,CE,province,41.2078354,14.1001326
1728,Catanzaro,107,IT,Italy,CZ,province,38.8896348,16.4405872
1739,Chieti,107,IT,Italy,CH,province,42.0334428,14.3791912
1740,Como,107,IT,Italy,CO,province,45.8080416,9.0851793
1742,Cosenza,107,IT,Italy,CS,province,39.5644105,16.2522143
1751,Cremona,107,IT,Italy,CR,province,45.2014375,9.9836582
1754,Crotone,107,IT,Italy,KR,province,39.1309856,17.0067031
1775,Cuneo,107,IT,Italy,CN,province,44.5970314,7.6114217
1773,Emilia-Romagna,107,IT,Italy,45,region,44.5967607,11.2186396
1723,Enna,107,IT,Italy,EN,free municipal consortium,37.5676216,14.2795349
1744,Fermo,107,IT,Italy,FM,province,43.0931367,13.5899733
1746,Ferrara,107,IT,Italy,FE,province,44.766368,11.7644068
1771,Foggia,107,IT,Italy,FG,province,41.638448,15.5943388
1779,Forlì-Cesena,107,IT,Italy,FC,province,43.9947681,11.9804613
1756,Friuli–Venezia Giulia,107,IT,Italy,36,autonomous region,46.2259177,13.1033646
1776,Frosinone,107,IT,Italy,FR,province,41.6576528,13.6362715
1777,Gorizia,107,IT,Italy,GO,decentralized regional entity,45.9053899,13.5163725
1787,Grosseto,107,IT,Italy,GR,province,42.8518007,11.2523792
1788,Imperia,107,IT,Italy,IM,province,43.941866,7.8286368
1789,Isernia,107,IT,Italy,IS,province,41.5891555,14.1930918
1781,L'Aquila,107,IT,Italy,AQ,province,42.1256317,13.6362715
1791,La Spezia,107,IT,Italy,SP,province,44.2447913,9.7678687
1674,Latina,107,IT,Italy,LT,province,41.4087476,13.0817903
1678,Lazio,107,IT,Italy,62,region,41.812241,12.73851
1675,Lecce,107,IT,Italy,LE,province,40.2347393,18.1428669
1677,Lecco,107,IT,Italy,LC,province,45.9382941,9.385729
1768,Liguria,107,IT,Italy,42,region,44.3167917,8.3964938
1745,Livorno,107,IT,Italy,LI,province,43.0239848,10.6647101
1747,Lodi,107,IT,Italy,LO,province,45.2405036,9.5292512
1705,Lombardy,107,IT,Italy,25,region,45.4790671,9.8452433
1749,Lucca,107,IT,Italy,LU,province,43.8376736,10.495053
1750,Macerata,107,IT,Italy,MC,province,43.2459322,13.2663479
1758,Mantua,107,IT,Italy,MN,province,45.1667728,10.7753613
1670,Marche,107,IT,Italy,57,region,43.304562,13.71947
1759,Massa and Carrara,107,IT,Italy,MS,province,44.2213998,10.0359661
1760,Matera,107,IT,Italy,MT,province,40.6663496,16.6043636
1761,Medio Campidano,107,IT,Italy,VS,province,39.5317389,8.704075
1757,Modena,107,IT,Italy,MO,province,44.5513799,10.918048
1695,Molise,107,IT,Italy,67,region,41.6738865,14.7520939
1769,Monza and Brianza,107,IT,Italy,MB,province,45.623599,9.2588015
1774,Novara,107,IT,Italy,NO,province,45.5485133,8.5150793
1790,Nuoro,107,IT,Italy,NU,province,40.3286904,9.456155
1786,Oristano,107,IT,Italy,OR,province,40.0599068,8.7481167
1665,Padua,107,IT,Italy,PD,province,45.3661864,11.8209139
1668,Palermo,107,IT,Italy,PA,province,38.11569,13.3614868
1666,Parma,107,IT,Italy,PR,province,44.8015322,10.3279354
1676,Pavia,107,IT,Italy,PV,province,45.3218166,8.8466236
1691,Perugia,107,IT,Italy,PG,province,42.938004,12.6216211
1693,Pesaro and Urbino,107,IT,Italy,PU,province,43.6130118,12.7135121
1694,Pescara,107,IT,Italy,PE,province,42.3570655,13.9608091
1696,Piacenza,107,IT,Italy,PC,province,44.8263112,9.5291447
1702,Piedmont,107,IT,Italy,21,region,45.0522366,7.5153885
1685,Pisa,107,IT,Italy,PI,province,43.7228315,10.4017194
1687,Pistoia,107,IT,Italy,PT,province,43.9543733,10.8903099
1690,Pordenone,107,IT,Italy,PN,decentralized regional entity,46.0378862,12.710835
1697,Potenza,107,IT,Italy,PZ,province,40.4182194,15.876004
1700,Prato,107,IT,Italy,PO,province,44.04539,11.1164452
1729,Ragusa,107,IT,Italy,RG,free municipal consortium,36.9269273,14.7255129
1707,Ravenna,107,IT,Italy,RA,province,44.4184443,12.2035998
1708,Reggio Emilia,107,IT,Italy,RE,province,44.585658,10.5564736
1712,Rieti,107,IT,Italy,RI,province,42.3674405,12.8975098
1713,Rimini,107,IT,Italy,RN,province,44.0678288,12.5695158
1719,Rovigo,107,IT,Italy,RO,province,45.0241818,11.8238162
1720,Salerno,107,IT,Italy,SA,province,40.4287832,15.2194808
1715,Sardinia,107,IT,Italy,88,autonomous region,40.1208752,9.0128926
1722,Sassari,107,IT,Italy,SS,province,40.7967907,8.5750407
1732,Savona,107,IT,Italy,SV,province,44.2887995,8.265058
1709,Sicily,107,IT,Italy,82,autonomous region,37.5999938,14.0153557
1734,Siena,107,IT,Italy,SI,province,43.2937732,11.4339148
1667,Siracusa,107,IT,Italy,SR,free municipal consortium,37.0656924,15.2857109
1741,Sondrio,107,IT,Italy,SO,province,46.1727636,9.7994917
1730,South Sardinia,107,IT,Italy,SU,province,39.3893535,8.9397
1743,Taranto,107,IT,Italy,TA,province,40.5740901,17.2429976
1752,Teramo,107,IT,Italy,TE,province,42.5895608,13.6362715
1755,Terni,107,IT,Italy,TR,province,42.5634534,12.5298028
1733,Trapani,107,IT,Italy,TP,free municipal consortium,38.0183116,12.5148265
1725,Trentino-South Tyrol,107,IT,Italy,32,autonomous region,46.4336662,11.1693296
1762,Treviso,107,IT,Italy,TV,province,45.6668517,12.2430617
1763,Trieste,107,IT,Italy,TS,decentralized regional entity,45.6894823,13.7833072
1664,Tuscany,107,IT,Italy,52,region,43.7710513,11.2486208
1764,Udine,107,IT,Italy,UD,decentralized regional entity,46.1407972,13.1662896
1683,Umbria,107,IT,Italy,55,region,42.938004,12.6216211
1765,Varese,107,IT,Italy,VA,province,45.799026,8.7300945
1753,Veneto,107,IT,Italy,34,region,45.4414662,12.3152595
1726,Verbano-Cusio-Ossola,107,IT,Italy,VB,province,46.1399688,8.2724649
1785,Vercelli,107,IT,Italy,VC,province,45.3202204,8.418508
1736,Verona,107,IT,Italy,VR,province,45.4418498,11.0735316
1737,Vibo Valentia,107,IT,Italy,VV,province,38.6378565,16.2051484
1738,Vicenza,107,IT,Italy,VI,province,45.6983995,11.5661465
1735,Viterbo,107,IT,Italy,VT,province,42.400242,11.8891721
827,Aichi,109,JP,Japan,23,prefecture,35.0182505,137.2923893
829,Akita,109,JP,Japan,5,prefecture,40.1376293,140.334341
839,Aomori,109,JP,Japan,2,prefecture,40.7657077,140.9175879
821,Chiba,109,JP,Japan,12,prefecture,35.3354155,140.1832516
865,Ehime,109,JP,Japan,38,prefecture,33.6025306,132.7857583
848,Fukui,109,JP,Japan,18,prefecture,35.896227,136.2111579
861,Fukuoka,109,JP,Japan,40,prefecture,33.5662559,130.715857
847,Fukushima,109,JP,Japan,7,prefecture,37.3834373,140.1832516
858,Gifu,109,JP,Japan,21,prefecture,35.7437491,136.9805103
862,Gunma,109,JP,Japan,10,prefecture,36.5605388,138.8799972
828,Hiroshima,109,JP,Japan,34,prefecture,34.8823408,133.0194897
832,Hokkaidō,109,JP,Japan,1,prefecture,43.2203266,142.8634737
831,Hyōgo,109,JP,Japan,28,prefecture,34.8579518,134.5453787
851,Ibaraki,109,JP,Japan,8,prefecture,36.2193571,140.1832516
830,Ishikawa,109,JP,Japan,17,prefecture,36.3260317,136.5289653
856,Iwate,109,JP,Japan,3,prefecture,39.5832989,141.2534574
864,Kagawa,109,JP,Japan,37,prefecture,34.2225915,134.0199152
840,Kagoshima,109,JP,Japan,46,prefecture,31.3911958,130.8778586
842,Kanagawa,109,JP,Japan,14,prefecture,35.4913535,139.284143
4924,Kōchi,109,JP,Japan,39,prefecture,33.2879161,132.2759262
846,Kumamoto,109,JP,Japan,43,prefecture,32.8594427,130.7969149
834,Kyōto,109,JP,Japan,26,prefecture,35.1566609,135.5251982
833,Mie,109,JP,Japan,24,prefecture,33.8143901,136.0487047
857,Miyagi,109,JP,Japan,4,prefecture,38.630612,141.1193048
855,Miyazaki,109,JP,Japan,45,prefecture,32.6036022,131.441251
843,Nagano,109,JP,Japan,20,prefecture,36.1543941,137.9218204
849,Nagasaki,109,JP,Japan,42,prefecture,33.2488525,129.6930912
824,Nara,109,JP,Japan,29,prefecture,34.2975528,135.8279734
841,Niigata,109,JP,Japan,15,prefecture,37.5178386,138.9269794
822,Ōita,109,JP,Japan,44,prefecture,33.1589299,131.3611121
820,Okayama,109,JP,Japan,33,prefecture,34.8963407,133.6375314
853,Okinawa,109,JP,Japan,47,prefecture,26.1201911,127.7025012
859,Ōsaka,109,JP,Japan,27,prefecture,34.6413315,135.5629394
863,Saga,109,JP,Japan,41,prefecture,33.3078371,130.2271243
860,Saitama,109,JP,Japan,11,prefecture,35.9962513,139.4466005
845,Shiga,109,JP,Japan,25,prefecture,35.3292014,136.0563212
826,Shimane,109,JP,Japan,32,prefecture,35.1244094,132.6293446
825,Shizuoka,109,JP,Japan,22,prefecture,35.0929397,138.3190276
854,Tochigi,109,JP,Japan,9,prefecture,36.6714739,139.8547266
836,Tokushima,109,JP,Japan,36,prefecture,33.9419655,134.3236557
823,Tokyo,109,JP,Japan,13,prefecture,35.6761919,139.6503106
850,Tottori,109,JP,Japan,31,prefecture,35.3573161,133.4066618
838,Toyama,109,JP,Japan,16,prefecture,36.6958266,137.2137071
844,Wakayama,109,JP,Japan,30,prefecture,33.9480914,135.3745358
837,Yamagata,109,JP,Japan,6,prefecture,38.5370564,140.1435198
835,Yamaguchi,109,JP,Japan,35,prefecture,34.2796769,131.5212742
852,Yamanashi,109,JP,Japan,19,prefecture,35.6635113,138.6388879
145,Akmola,112,KZ,Kazakhstan,AKM,region,51.916532,69.4110494
151,Aktobe,112,KZ,Kazakhstan,AKT,region,48.7797078,57.9974378
143,Almaty,112,KZ,Kazakhstan,ALM,region,45.0119227,78.4229392
152,Almaty,112,KZ,Kazakhstan,ALA,region,43.2220146,76.8512485
156,Astana,112,KZ,Kazakhstan,AST,capital city,51.1605227,71.4703558
153,Atyrau,112,KZ,Kazakhstan,ATY,region,47.1076188,51.914133
155,Baikonur,112,KZ,Kazakhstan,BAY,region,45.9645851,63.3052428
154,East Kazakhstan,112,KZ,Kazakhstan,VOS,region,48.7062687,80.7922534
147,Jambyl,112,KZ,Kazakhstan,ZHA,region,44.2220308,72.3657967
150,Karaganda,112,KZ,Kazakhstan,KAR,region,47.9022182,71.7706807
157,Kostanay,112,KZ,Kazakhstan,KUS,region,51.5077096,64.0479073
142,Kyzylorda,112,KZ,Kazakhstan,KZY,region,44.6922613,62.6571885
141,Mangystau,112,KZ,Kazakhstan,MAN,region,44.590802,53.8499508
144,North Kazakhstan,112,KZ,Kazakhstan,SEV,region,54.1622066,69.9387071
146,Pavlodar,112,KZ,Kazakhstan,PAV,region,52.2878444,76.9733453
149,Turkestan,112,KZ,Kazakhstan,YUZ,region,43.3666958,68.4094405
148,West Kazakhstan,112,KZ,Kazakhstan,ZAP,province,49.5679727,50.8066616
2073,Bagmati,154,NP,Nepal,P3,province,27.6489253,83.9258834
2069,Gandaki,154,NP,Nepal,P4,province,28.3797812,82.7177922
2068,Karnali,154,NP,Nepal,P6,province,29.3039343,81.010886
2066,Koshi,154,NP,Nepal,P1,province,27.1547935,82.4210749
2067,Lumbini,154,NP,Nepal,P5,province,28.022406,77.7864628
5240,Madhesh,154,NP,Nepal,P2,province,26.9391873,84.4293467
5241,Sudurpashchim,154,NP,Nepal,P7,province,29.3062371,79.6135451
3396,Abu Dhabi,231,AE,United Arab Emirates,AZ,emirate,24.453884,54.3773438
3395,Ajman,231,AE,United Arab Emirates,AJ,emirate,25.4052165,55.5136433
3391,Dubai,231,AE,United Arab Emirates,DU,emirate,25.2048493,55.2707828
3393,Fujairah,231,AE,United Arab Emirates,FU,emirate,25.1288099,56.3264849
3394,Ras al-Khaimah,231,AE,United Arab Emirates,RK,emirate,25.6741343,55.9804173
3390,Sharjah,231,AE,United Arab Emirates,SH,emirate,25.0753974,55.7578403
3392,Umm al-Quwain,231,AE,United Arab Emirates,UQ,emirate,25.5426324,55.5475348
2463,Aberdeen,232,GB,United Kingdom,ABE,council area,57.149717,-2.094278
2401,Aberdeenshire,232,GB,United Kingdom,ABD,council area,57.2868723,-2.3815684
2387,Angus,232,GB,United Kingdom,ANS,council area,37.2757886,-95.6501033
2533,Antrim,232,GB,United Kingdom,ANT,unitary authority,54.7195338,-6.2072498
2412,Antrim and Newtownabbey,232,GB,United Kingdom,ANN,district,54.6956887,-5.9481069
2498,Ards,232,GB,United Kingdom,ARD,unitary authority,42.1391851,-87.8614972
2523,Ards and North Down,232,GB,United Kingdom,AND,district,54.5899645,-5.5984972
2392,Argyll and Bute,232,GB,United Kingdom,AGB,council area,56.4006214,-5.480748
2331,Armagh,232,GB,United Kingdom,ARM,district council,54.3932592,-6.4563401
2324,"Armagh, Banbridge and Craigavon",232,GB,United Kingdom,ABC,district,54.3932592,-6.4563401
2378,Ascension Island,232,GB,United Kingdom,SH-AC,unitary authority,-7.9467166,-14.3559158
2363,Ballymena,232,GB,United Kingdom,BLA,borough council,54.86426,-6.2791074
2361,Ballymoney,232,GB,United Kingdom,BLY,unitary authority,55.0704888,-6.5173708
2315,Banbridge,232,GB,United Kingdom,BNB,unitary authority,54.348729,-6.2704803
2356,Barking and Dagenham,232,GB,United Kingdom,BDG,london borough,51.5540666,0.134017
2520,Barnet,232,GB,United Kingdom,BNE,london borough,51.6049673,-0.2076295
2499,Barnsley,232,GB,United Kingdom,BNS,metropolitan district,34.2994956,-84.9845809
2339,Bath and North East Somerset,232,GB,United Kingdom,BAS,unitary authority,51.3250102,-2.4766241
2507,Bedford,232,GB,United Kingdom,BDF,unitary authority,32.844017,-97.1430671
2311,Belfast,232,GB,United Kingdom,BFS,district,54.6170366,-5.9531861
2307,Bexley,232,GB,United Kingdom,BEX,london borough,51.4519021,0.1171786
2425,Birmingham,232,GB,United Kingdom,BIR,metropolitan district,33.5185892,-86.8103567
2329,Blackburn with Darwen,232,GB,United Kingdom,BBD,unitary authority,53.6957522,-2.4682985
2451,Blackpool,232,GB,United Kingdom,BPL,unitary authority,53.8175053,-3.0356748
2530,Blaenau Gwent,232,GB,United Kingdom,BGW,borough council,51.7875779,-3.2043931
2504,Bolton,232,GB,United Kingdom,BOL,metropolitan district,44.3726476,-72.8787625
2342,Bournemouth,232,GB,United Kingdom,BMH,unitary authority,50.719164,-1.880769
2470,Bracknell Forest,232,GB,United Kingdom,BRC,unitary authority,51.4153828,-0.7536495
2529,Bradford,232,GB,United Kingdom,BRD,metropolitan district,53.795984,-1.759398
2291,Brent,232,GB,United Kingdom,BEN,london borough,51.5672808,-0.2710568
2452,Bridgend,232,GB,United Kingdom,BGE,borough council,51.5083199,-3.5812075
2395,Brighton and Hove,232,GB,United Kingdom,BNH,unitary authority,50.8226288,-0.137047
2413,Bristol,232,GB,United Kingdom,BST,unitary authority,41.673522,-72.9465375
2490,Bromley,232,GB,United Kingdom,BRY,london borough,51.3679705,0.070062
2405,Buckinghamshire,232,GB,United Kingdom,BKM,unitary authority,51.8072204,-0.8127664
2459,Bury,232,GB,United Kingdom,BUR,metropolitan district,53.5933498,-2.2966054
2298,Caerphilly,232,GB,United Kingdom,CAY,unitary authority,51.6604465,-3.2178724
2517,Calderdale,232,GB,United Kingdom,CLD,metropolitan district,53.7247845,-1.8658357
2423,Cambridgeshire,232,GB,United Kingdom,CAM,two-tier county,52.2052973,0.1218195
2349,Camden,232,GB,United Kingdom,CMD,london borough,51.5454736,-0.1627902
2528,Cardiff,232,GB,United Kingdom,CRF,unitary authority,51.481581,-3.17909
2484,Carmarthenshire,232,GB,United Kingdom,CMN,unitary authority,51.8572309,-4.3115959
2439,Carrickfergus,232,GB,United Kingdom,CKF,borough council,54.7256843,-5.8093719
2525,Castlereagh,232,GB,United Kingdom,CSR,unitary authority,54.575679,-5.8884028
2316,Causeway Coast and Glens,232,GB,United Kingdom,CCG,district,55.043183,-6.6741288
2303,Central Bedfordshire,232,GB,United Kingdom,CBF,unitary authority,52.0029744,-0.4651389
2509,Ceredigion,232,GB,United Kingdom,CGN,unitary authority,52.2191429,-3.9321256
2444,Cheshire East,232,GB,United Kingdom,CHE,unitary authority,53.1610446,-2.2185932
2442,Cheshire West and Chester,232,GB,United Kingdom,CHW,unitary authority,53.2302974,-2.7151117
2475,City of Kingston upon Hull,232,GB,United Kingdom,KHL,unitary authority,53.7676236,-0.3274198
2294,City of Southampton,232,GB,United Kingdom,STH,unitary authority,50.9097004,-1.4043509
2450,Clackmannanshire,232,GB,United Kingdom,CLK,council area,56.1075351,-3.7529409
2461,Coleraine,232,GB,United Kingdom,CLR,borough council,55.145157,-6.6759814
2352,Conwy,232,GB,United Kingdom,CWY,unitary authority,53.2935013,-3.7265161
2445,Cookstown,232,GB,United Kingdom,CKT,district council,54.6418158,-6.7443895
2312,Cornwall,232,GB,United Kingdom,CON,unitary authority,50.2660471,-5.0527125
2438,Coventry,232,GB,United Kingdom,COV,metropolitan district,52.406822,-1.519693
2449,Craigavon,232,GB,United Kingdom,CGV,borough council,54.3932592,-6.4563401
2512,Croydon,232,GB,United Kingdom,CRY,london borough,51.3827446,-0.0985163
2334,Cumbria,232,GB,United Kingdom,CMA,two-tier county,54.5772323,-2.7974835
2389,Darlington,232,GB,United Kingdom,DAL,unitary authority,34.2998762,-79.8761741
2497,Denbighshire,232,GB,United Kingdom,DEN,unitary authority,53.1842288,-3.4224985
2485,Derby,232,GB,United Kingdom,DER,unitary authority,37.5483755,-97.2485191
2403,Derbyshire,232,GB,United Kingdom,DBY,two-tier county,53.1046782,-1.5623885
2417,Derry,232,GB,United Kingdom,DRY,unitary authority,54.9690778,-7.1958351
2446,Derry City and Strabane,232,GB,United Kingdom,DRS,district,55.0047443,-7.3209222
2491,Devon,232,GB,United Kingdom,DEV,two-tier county,50.7155591,-3.530875
2364,Doncaster,232,GB,United Kingdom,DNC,metropolitan district,53.52282,-1.128462
2345,Dorset,232,GB,United Kingdom,DOR,two-tier county,50.7487635,-2.3444786
2304,Down District Council,232,GB,United Kingdom,DOW,unitary authority,54.2434287,-5.9577959
2457,Dudley,232,GB,United Kingdom,DUD,metropolitan district,42.0433661,-71.9276033
2415,Dumfries and Galloway,232,GB,United Kingdom,DGY,council area,55.0701073,-3.6052581
2511,Dundee,232,GB,United Kingdom,DND,council area,56.462018,-2.970721
2508,Dungannon and South Tyrone,232,GB,United Kingdom,DGN,borough council,54.5082684,-6.7665891
2406,Durham,232,GB,United Kingdom,DUR,unitary authority,54.7294099,-1.8811598
2532,Ealing,232,GB,United Kingdom,EAL,london borough,51.5250366,-0.3413965
2374,East Ayrshire,232,GB,United Kingdom,EAY,council area,55.4518496,-4.2644478
2454,East Dunbartonshire,232,GB,United Kingdom,EDU,council area,55.9743162,-4.202298
2462,East Lothian,232,GB,United Kingdom,ELN,council area,55.9493383,-2.7704464
2333,East Renfrewshire,232,GB,United Kingdom,ERW,council area,55.7704735,-4.3359821
2370,East Riding of Yorkshire,232,GB,United Kingdom,ERY,unitary authority,53.8416168,-0.4344106
2414,East Sussex,232,GB,United Kingdom,ESX,two-tier county,50.9085955,0.2494166
2428,Edinburgh,232,GB,United Kingdom,EDH,council area,55.953252,-3.188267
2476,Enfield,232,GB,United Kingdom,ENF,london borough,51.6622909,-0.1180651
2336,England,232,GB,United Kingdom,ENG,country,52.3555177,-1.1743197
2410,Essex,232,GB,United Kingdom,ESS,two-tier county,51.5742447,0.4856781
2344,Falkirk,232,GB,United Kingdom,FAL,council area,56.0018775,-3.7839131
2531,Fermanagh,232,GB,United Kingdom,FER,district council,54.3447978,-7.6384218
2366,Fermanagh and Omagh,232,GB,United Kingdom,FMO,district,54.4513524,-7.7125018
2479,Fife,232,GB,United Kingdom,FIF,council area,56.2082078,-3.1495175
2437,Flintshire,232,GB,United Kingdom,FLN,unitary authority,53.1668658,-3.1418908
2431,Gateshead,232,GB,United Kingdom,GAT,metropolitan district,54.95268,-1.603411
2404,Glasgow,232,GB,United Kingdom,GLG,council area,55.864237,-4.251806
2373,Gloucestershire,232,GB,United Kingdom,GLS,two-tier county,51.8642112,-2.2380335
2492,Greenwich,232,GB,United Kingdom,GRE,london borough,51.4834627,0.0586202
2379,Gwynedd,232,GB,United Kingdom,GWN,unitary authority,52.9277266,-4.1334836
2411,Hackney,232,GB,United Kingdom,HCK,london borough,51.573445,-0.0724376
2466,Halton,232,GB,United Kingdom,HAL,unitary authority,43.5325372,-79.8744836
2448,Hammersmith and Fulham,232,GB,United Kingdom,HMF,london borough,51.4990156,-0.22915
2435,Hampshire,232,GB,United Kingdom,HAM,two-tier county,51.0576948,-1.3080629
2306,Haringey,232,GB,United Kingdom,HRY,london borough,51.5906113,-0.1109709
2385,Harrow,232,GB,United Kingdom,HRW,london borough,51.5881627,-0.3422851
2309,Hartlepool,232,GB,United Kingdom,HPL,unitary authority,54.691745,-1.212926
2347,Havering,232,GB,United Kingdom,HAV,london borough,51.577924,0.2120829
2500,Herefordshire,232,GB,United Kingdom,HEF,unitary authority,52.0765164,-2.6544182
2369,Hertfordshire,232,GB,United Kingdom,HRT,two-tier county,51.8097823,-0.2376744
2383,Highland,232,GB,United Kingdom,HLD,council area,36.2967508,-95.8380366
2376,Hillingdon,232,GB,United Kingdom,HIL,london borough,51.5351832,-0.4481378
2380,Hounslow,232,GB,United Kingdom,HNS,london borough,51.4828358,-0.3882062
2388,Inverclyde,232,GB,United Kingdom,IVC,council area,55.9316569,-4.6800158
2289,Isle of Wight,232,GB,United Kingdom,IOW,unitary authority,50.6938479,-1.304734
2343,Isles of Scilly,232,GB,United Kingdom,IOS,unitary authority,49.9277261,-6.3274966
2319,Islington,232,GB,United Kingdom,ISL,london borough,51.5465063,-0.1058058
2368,Kensington and Chelsea,232,GB,United Kingdom,KEC,london borough,51.4990805,-0.1938253
2464,Kent,232,GB,United Kingdom,KEN,two-tier county,41.1536674,-81.3578859
2481,Kingston upon Thames,232,GB,United Kingdom,KTT,london borough,51.378117,-0.292709
2371,Kirklees,232,GB,United Kingdom,KIR,metropolitan district,53.5933432,-1.8009509
2330,Knowsley,232,GB,United Kingdom,KWL,metropolitan district,53.454594,-2.852907
2396,Lambeth,232,GB,United Kingdom,LBH,london borough,51.4571477,-0.1230681
2495,Lancashire,232,GB,United Kingdom,LAN,two-tier county,53.7632254,-2.7044052
2515,Larne,232,GB,United Kingdom,LRN,borough council,54.8578003,-5.8236224
2503,Leeds,232,GB,United Kingdom,LDS,metropolitan district,53.8007554,-1.5490774
2318,Leicester,232,GB,United Kingdom,LCE,unitary authority,52.6368778,-1.1397592
2516,Leicestershire,232,GB,United Kingdom,LEC,two-tier county,52.772571,-1.2052126
2358,Lewisham,232,GB,United Kingdom,LEW,london borough,51.4414579,-0.0117006
2382,Limavady,232,GB,United Kingdom,LMV,borough council,55.051682,-6.9491944
2355,Lincolnshire,232,GB,United Kingdom,LIN,two-tier county,52.9451889,-0.1601246
2494,Lisburn,232,GB,United Kingdom,LSB,unitary authority,54.4981584,-6.1306791
2460,Lisburn and Castlereagh,232,GB,United Kingdom,LBC,district,54.4981584,-6.1306791
2340,Liverpool,232,GB,United Kingdom,LIV,metropolitan district,32.6564981,-115.4763241
2424,London,232,GB,United Kingdom,LND,city corporation,51.5123443,-0.0909852
2322,Magherafelt,232,GB,United Kingdom,MFT,district council,54.7553279,-6.6077487
2398,Manchester,232,GB,United Kingdom,MAN,metropolitan district,53.4807593,-2.2426305
2381,Medway,232,GB,United Kingdom,MDW,unitary authority,42.1417641,-71.3967256
2328,Merthyr Tydfil,232,GB,United Kingdom,MTY,unitary authority,51.7467474,-3.3813275
2483,Merton,232,GB,United Kingdom,MRT,london borough,51.4097742,-0.2108084
2429,Mid and East Antrim,232,GB,United Kingdom,MEA,district,54.9399341,-6.1137423
2399,Mid Ulster,232,GB,United Kingdom,MUL,district,54.6411301,-6.7522549
2332,Middlesbrough,232,GB,United Kingdom,MDB,unitary authority,54.574227,-1.234956
2519,Midlothian,232,GB,United Kingdom,MLN,council area,32.475335,-97.0103181
2416,Milton Keynes,232,GB,United Kingdom,MIK,unitary authority,52.0852038,-0.7333133
2402,Monmouthshire,232,GB,United Kingdom,MON,unitary authority,51.81161,-2.7163417
2360,Moray,232,GB,United Kingdom,MRY,council area,57.6498476,-3.3168039
2348,Moyle,232,GB,United Kingdom,MYL,district council,55.2047327,-6.253174
2351,Neath Port Talbot,232,GB,United Kingdom,NTL,unitary authority,51.5978519,-3.7839668
2458,Newcastle upon Tyne,232,GB,United Kingdom,NET,metropolitan district,54.978252,-1.61778
2418,Newham,232,GB,United Kingdom,NWM,london borough,51.5255162,0.0352163
2524,Newport,232,GB,United Kingdom,NWP,unitary authority,37.5278234,-94.1043876
2350,Newry and Mourne,232,GB,United Kingdom,NYM,district council,54.1742505,-6.3391992
2534,"Newry, Mourne and Down",232,GB,United Kingdom,NMD,district,54.2434287,-5.9577959
2317,Newtownabbey,232,GB,United Kingdom,NTA,borough council,54.6792422,-5.9591102
2473,Norfolk,232,GB,United Kingdom,NFK,two-tier county,36.8507689,-76.2858726
2535,North Ayrshire,232,GB,United Kingdom,NAY,council area,55.6416731,-4.75946
2513,North Down,232,GB,United Kingdom,NDN,borough council,54.6536297,-5.6724925
2384,North East Lincolnshire,232,GB,United Kingdom,NEL,unitary authority,53.5668201,-0.0815066
2487,North Lanarkshire,232,GB,United Kingdom,NLK,council area,55.8662432,-3.9613144
2453,North Lincolnshire,232,GB,United Kingdom,NLN,unitary authority,53.6055592,-0.5596582
2430,North Somerset,232,GB,United Kingdom,NSM,unitary authority,51.3879028,-2.7781091
2521,North Tyneside,232,GB,United Kingdom,NTY,metropolitan district,55.0182399,-1.4858436
2522,North Yorkshire,232,GB,United Kingdom,NYK,two-tier county,53.9915028,-1.5412015
2480,Northamptonshire,232,GB,United Kingdom,NTH,unitary authority,52.2729944,-0.8755515
2337,Northern Ireland,232,GB,United Kingdom,NIR,province,54.7877149,-6.4923145
2365,Northumberland,232,GB,United Kingdom,NBL,unitary authority,55.2082542,-2.0784138
2359,Nottingham,232,GB,United Kingdom,NGM,unitary authority,52.9547832,-1.1581086
2456,Nottinghamshire,232,GB,United Kingdom,NTT,two-tier county,53.100319,-0.9936306
2477,Oldham,232,GB,United Kingdom,OLD,metropolitan district,42.2040598,-71.2048119
2314,Omagh,232,GB,United Kingdom,OMH,district council,54.4513524,-7.7125018
2474,Orkney Islands,232,GB,United Kingdom,ORK,council area,58.9809401,-2.9605206
2353,Outer Hebrides,232,GB,United Kingdom,ELS,council area,57.7598918,-7.0194034
2321,Oxfordshire,232,GB,United Kingdom,OXF,two-tier county,51.7612056,-1.2464674
2486,Pembrokeshire,232,GB,United Kingdom,PEM,unitary authority,51.674078,-4.9088785
2325,Perth and Kinross,232,GB,United Kingdom,PKN,council area,56.3953817,-3.4283547
2297,Peterborough,232,GB,United Kingdom,PTE,unitary authority,44.3093636,-78.320153
2514,Plymouth,232,GB,United Kingdom,PLY,unitary authority,42.3708941,-83.4697141
2302,Poole,232,GB,United Kingdom,POL,unitary authority,50.71505,-1.987248
2305,Portsmouth,232,GB,United Kingdom,POR,unitary authority,36.832915,-76.2975549
2441,Powys,232,GB,United Kingdom,POW,unitary authority,52.6464249,-3.3260904
2455,Reading,232,GB,United Kingdom,RDG,unitary authority,36.1486659,-95.9840012
2397,Redbridge,232,GB,United Kingdom,RDB,london borough,51.5886121,0.0823982
2527,Redcar and Cleveland,232,GB,United Kingdom,RCC,unitary authority,54.5971344,-1.0775997
2443,Renfrewshire,232,GB,United Kingdom,RFW,council area,55.846654,-4.5331259
2301,Rhondda Cynon Taf,232,GB,United Kingdom,RCT,unitary authority,51.6490207,-3.4288692
2501,Richmond upon Thames,232,GB,United Kingdom,RIC,london borough,51.4613054,-0.3037709
2327,Rochdale,232,GB,United Kingdom,RCH,metropolitan district,53.6097136,-2.1561
2308,Rotherham,232,GB,United Kingdom,ROT,metropolitan district,53.4326035,-1.3635009
2472,Rutland,232,GB,United Kingdom,RUT,unitary authority,43.6106237,-72.9726065
2502,Saint Helena,232,GB,United Kingdom,SH-HL,unitary authority,-15.9650104,-5.7089241
2493,Salford,232,GB,United Kingdom,SLF,metropolitan district,53.4875235,-2.2901264
2341,Sandwell,232,GB,United Kingdom,SAW,metropolitan district,52.5361674,-2.010793
2335,Scotland,232,GB,United Kingdom,SCT,country,56.4906712,-4.2026458
2346,Scottish Borders,232,GB,United Kingdom,SCB,council area,55.5485697,-2.7861388
2518,Sefton,232,GB,United Kingdom,SFT,metropolitan district,53.5034449,-2.970359
2295,Sheffield,232,GB,United Kingdom,SHF,unitary authority,36.0950743,-80.2788466
2300,Shetland Islands,232,GB,United Kingdom,ZET,council area,60.5296507,-1.2659409
2407,Shropshire,232,GB,United Kingdom,SHR,unitary authority,52.7063657,-2.7417849
2427,Slough,232,GB,United Kingdom,SLG,unitary authority,51.5105384,-0.5950406
2469,Solihull,232,GB,United Kingdom,SOL,metropolitan district,52.411811,-1.77761
2386,Somerset,232,GB,United Kingdom,SOM,two-tier county,51.105097,-2.9262307
2377,South Ayrshire,232,GB,United Kingdom,SAY,council area,55.4588988,-4.6291994
2400,South Gloucestershire,232,GB,United Kingdom,SGC,unitary authority,51.5264361,-2.4728487
2362,South Lanarkshire,232,GB,United Kingdom,SLK,council area,55.6735909,-3.7819661
2409,South Tyneside,232,GB,United Kingdom,STY,metropolitan district,54.9636693,-1.4418634
2323,Southend-on-Sea,232,GB,United Kingdom,SOS,unitary authority,51.5459269,0.7077123
2432,Southwark,232,GB,United Kingdom,SWK,london borough,51.4880572,-0.0762838
2290,St Helens,232,GB,United Kingdom,SHN,metropolitan district,45.858961,-122.8212356
2447,Staffordshire,232,GB,United Kingdom,STS,two-tier county,52.8792745,-2.0571868
2488,Stirling,232,GB,United Kingdom,STG,council area,56.1165227,-3.9369029
2394,Stockport,232,GB,United Kingdom,SKP,metropolitan district,53.4106316,-2.1575332
2421,Stockton-on-Tees,232,GB,United Kingdom,STT,unitary authority,54.5704551,-1.3289821
2506,Stoke-on-Trent,232,GB,United Kingdom,STE,unitary authority,53.002668,-2.179404
2393,Strabane,232,GB,United Kingdom,STB,district council,54.8273865,-7.4633103
2467,Suffolk,232,GB,United Kingdom,SFK,two-tier county,52.1872472,0.9707801
2372,Sunderland,232,GB,United Kingdom,SND,metropolitan district,54.8861489,-1.4785797
2526,Surrey,232,GB,United Kingdom,SRY,two-tier county,51.3147593,-0.5599501
2313,Sutton,232,GB,United Kingdom,STN,london borough,51.3573762,-0.1752796
2433,Swansea,232,GB,United Kingdom,SWA,unitary authority,51.62144,-3.943646
2422,Swindon,232,GB,United Kingdom,SWD,unitary authority,51.5557739,-1.7797176
2367,Tameside,232,GB,United Kingdom,TAM,metropolitan district,53.4805828,-2.0809891
2310,Telford and Wrekin,232,GB,United Kingdom,TFW,unitary authority,52.7409916,-2.4868586
2468,Thurrock,232,GB,United Kingdom,THR,unitary authority,51.4934557,0.3529197
2478,Torbay,232,GB,United Kingdom,TOB,unitary authority,50.4392329,-3.5369899
2496,Torfaen,232,GB,United Kingdom,TOF,unitary authority,51.7002253,-3.0446015
2390,Tower Hamlets,232,GB,United Kingdom,TWH,london borough,51.5202607,-0.0293396
2293,Trafford,232,GB,United Kingdom,TRF,metropolitan district,40.3856246,-79.7589347
2375,United Kingdom,232,GB,United Kingdom,UKM,unitary authority,55.378051,-3.435973
2299,Vale of Glamorgan,232,GB,United Kingdom,VGL,unitary authority,51.4095958,-3.4848167
2465,Wakefield,232,GB,United Kingdom,WKF,metropolitan district,42.5039395,-71.0723391
2338,Wales,232,GB,United Kingdom,WLS,unitary authority,52.1306607,-3.7837117
2292,Walsall,232,GB,United Kingdom,WLL,metropolitan district,52.586214,-1.982919
2326,Waltham Forest,232,GB,United Kingdom,WFT,london borough,51.5886383,-0.0117625
2434,Wandsworth,232,GB,United Kingdom,WND,london borough,51.4568274,-0.1896638
2420,Warrington,232,GB,United Kingdom,WRT,unitary authority,40.2492741,-75.1340604
2505,Warwickshire,232,GB,United Kingdom,WAR,two-tier county,52.2671353,-1.4675216
2471,West Berkshire,232,GB,United Kingdom,WBK,unitary authority,51.4308255,-1.1444927
2440,West Dunbartonshire,232,GB,United Kingdom,WDU,council area,55.9450925,-4.5646259
2354,West Lothian,232,GB,United Kingdom,WLN,council area,55.9070198,-3.5517167
2296,West Sussex,232,GB,United Kingdom,WSX,two-tier county,50.9280143,-0.4617075
2357,Westminster,232,GB,United Kingdom,WSM,london borough,39.5765977,-76.9972126
2320,Wigan,232,GB,United Kingdom,WGN,metropolitan district,53.5134812,-2.6106999
2391,Wiltshire,232,GB,United Kingdom,WIL,unitary authority,51.3491996,-1.9927105
2482,Windsor and Maidenhead,232,GB,United Kingdom,WNM,unitary authority,51.4799712,-0.6242565
2408,Wirral,232,GB,United Kingdom,WRL,metropolitan district,53.3727181,-3.073754
2419,Wokingham,232,GB,United Kingdom,WOK,unitary authority,51.410457,-0.833861
2489,Wolverhampton,232,GB,United Kingdom,WLV,metropolitan district,52.588912,-2.156463
2510,Worcestershire,232,GB,United Kingdom,WOR,two-tier county,52.2545225,-2.2668382
2436,Wrexham,232,GB,United Kingdom,WRX,unitary authority,53.0301378,-3.0261487
2426,York,232,GB,United Kingdom,YOR,unitary authority,53.9599651,-1.0872979
1456,Alabama,233,US,United States,AL,state,32.3182314,-86.902298
1400,Alaska,233,US,United States,AK,state,64.2008413,-149.4936733
1424,American Samoa,233,US,United States,AS,outlying area,-14.270972,-170.132217
1434,Arizona,233,US,United States,AZ,state,34.0489281,-111.0937311
1444,Arkansas,233,US,United States,AR,state,35.20105,-91.8318334
1402,Baker Island,233,US,United States,UM-81,islands / groups of islands,0.1936266,-176.476908
1416,California,233,US,United States,CA,state,36.778261,-119.4179324
1450,Colorado,233,US,United States,CO,state,39.5500507,-105.7820674
1435,Connecticut,233,US,United States,CT,state,41.6032207,-73.087749
1399,Delaware,233,US,United States,DE,state,38.9108325,-75.5276699
1437,District of Columbia,233,US,United States,DC,district,38.9071923,-77.0368707
1436,Florida,233,US,United States,FL,state,27.6648274,-81.5157535
1455,Georgia,233,US,United States,GA,state,32.1656221,-82.9000751
1412,Guam,233,US,United States,GU,outlying area,13.444304,144.793731
1411,Hawaii,233,US,United States,HI,state,19.8967662,-155.5827818
1398,Howland Island,233,US,United States,UM-84,islands / groups of islands,0.8113219,-176.6182736
1460,Idaho,233,US,United States,ID,state,44.0682019,-114.7420408
1425,Illinois,233,US,United States,IL,state,40.6331249,-89.3985283
1440,Indiana,233,US,United States,IN,state,40.2671941,-86.1349019
1459,Iowa,233,US,United States,IA,state,41.8780025,-93.097702
1410,Jarvis Island,233,US,United States,UM-86,islands / groups of islands,-0.3743503,-159.9967206
1428,Johnston Atoll,233,US,United States,UM-67,islands / groups of islands,16.7295035,-169.5336477
1406,Kansas,233,US,United States,KS,state,39.011902,-98.4842465
1419,Kentucky,233,US,United States,KY,state,37.8393332,-84.2700179
1403,Kingman Reef,233,US,United States,UM-89,islands / groups of islands,6.383333,-162.416667
1457,Louisiana,233,US,United States,LA,state,30.9842977,-91.9623327
1453,Maine,233,US,United States,ME,state,45.253783,-69.4454689
1401,Maryland,233,US,United States,MD,state,39.0457549,-76.6412712
1433,Massachusetts,233,US,United States,MA,state,42.4072107,-71.3824374
1426,Michigan,233,US,United States,MI,state,44.3148443,-85.6023643
1438,Midway Atoll,233,US,United States,UM-71,islands / groups of islands,28.2072168,-177.3734926
1420,Minnesota,233,US,United States,MN,state,46.729553,-94.6858998
1430,Mississippi,233,US,United States,MS,state,32.3546679,-89.3985283
1451,Missouri,233,US,United States,MO,state,37.9642529,-91.8318334
1446,Montana,233,US,United States,MT,state,46.8796822,-110.3625658
1439,Navassa Island,233,US,United States,UM-76,islands / groups of islands,18.4100689,-75.0114612
1408,Nebraska,233,US,United States,NE,state,41.4925374,-99.9018131
1458,Nevada,233,US,United States,NV,state,38.8026097,-116.419389
1404,New Hampshire,233,US,United States,NH,state,43.1938516,-71.5723953
1417,New Jersey,233,US,United States,NJ,state,40.0583238,-74.4056612
1423,New Mexico,233,US,United States,NM,state,34.5199402,-105.8700901
1452,New York,233,US,United States,NY,state,40.7127753,-74.0059728
1447,North Carolina,233,US,United States,NC,state,35.7595731,-79.0192997
1418,North Dakota,233,US,United States,ND,state,47.5514926,-101.0020119
1431,Northern Mariana Islands,233,US,United States,MP,outlying area,15.0979,145.6739
4851,Ohio,233,US,United States,OH,state,40.4172871,-82.907123
1421,Oklahoma,233,US,United States,OK,state,35.4675602,-97.5164276
1415,Oregon,233,US,United States,OR,state,43.8041334,-120.5542012
1448,Palmyra Atoll,233,US,United States,UM-95,islands / groups of islands,5.8885026,-162.0786656
1422,Pennsylvania,233,US,United States,PA,state,41.2033216,-77.1945247
1449,Puerto Rico,233,US,United States,PR,outlying area,18.220833,-66.590149
1461,Rhode Island,233,US,United States,RI,state,41.5800945,-71.4774291
1443,South Carolina,233,US,United States,SC,state,33.836081,-81.1637245
1445,South Dakota,233,US,United States,SD,state,43.9695148,-99.9018131
1454,Tennessee,233,US,United States,TN,state,35.5174913,-86.5804473
1407,Texas,233,US,United States,TX,state,31.9685988,-99.9018131
1432,United States Minor Outlying Islands,233,US,United States,UM,outlying area,19.2823192,166.647047
1413,United States Virgin Islands,233,US,United States,VI,outlying area,18.335765,-64.896335
1414,Utah,233,US,United States,UT,state,39.3209801,-111.0937311
1409,Vermont,233,US,United States,VT,state,44.5588028,-72.5778415
1427,Virginia,233,US,United States,VA,state,37.4315734,-78.6568942
1405,Wake Island,233,US,United States,UM-79,islands / groups of islands,19.279619,166.6499348
1462,Washington,233,US,United States,WA,state,47.7510741,-120.7401385
1429,West Virginia,233,US,United States,WV,state,38.5976262,-80.4549026
1441,Wisconsin,233,US,United States,WI,state,43.7844397,-88.7878678
1442,Wyoming,233,US,United States,WY,state,43.0759678,-107.2902839
